1,"Elizabeth I of England",2,3
2,"Henry VIII of England",4,5
3,"Anne Boleyn",6,7
4,"Henry VII of England",8,9
5,"Elizabeth of York",10,11
6,"Thomas Boleyn, 1st Earl of Wiltshire",12,13
7,"Elizabeth Howard",14,15
8,"Edmund Tudor, 1st Earl of Richmond",16,17
9,"Margaret Beaufort",18,19
10,"Edward IV of England",20,21
11,"Elizabeth Woodville",22,23
12,"William Boleyn",24,25
13,"Margaret Butler",26,27
14,"Thomas Howard, 2nd Duke of Norfolk",28,29
15,"Elizabeth Tilney",30,31
16,"Owen Tudor",NULL,NULL
17,"Catherine of Valois",NULL,NULL
18,"John Beaufort, 1st Duke of Somerset",NULL,NULL
19,"Margaret Beauchamp of Bletso",NULL,NULL
20,"Richard Plantagenet, 3rd Duke of York",NULL,NULL
21,"Cecily Neville",NULL,NULL
22,"Richard Woodville, 1st Earl Rivers",NULL,NULL
23,"Jacquetta of Luxembourg",NULL,NULL
24,"Geoffrey Boleyn",NULL,NULL
25,"Anne Hoo",NULL,NULL
26,"Thomas Butler, 7th Earl of Ormonde",NULL,NULL
27,"Anne Hankford",NULL,NULL
28,"John Howard, 1st Duke of Norfolk",NULL,NULL
29,"Catherine Moleyns",NULL,NULL
30,"Frederick Tilney",NULL,NULL
31,"Elizabeth Cheney",NULL,NULL
32,"Mary Boleyn",6,7
33,"Margaret Tudor",4,5
34,"Mary Tudor",4,5
35,"James IV of Scotland",37,38
36,"James V of Scotland",35,33
37,"James III of Scotland",NULL,NULL
38,"Margaret of Denmark",NULL,NULL
39,"Mary I of Scotland",36,40
40,"Mary of Guise",NULL,NULL
41,"James VI and I",42,39
42,"Henry Stuart, Lord Darnley",43,44
43,"Matthew Stuart, 4th Earl of Lennox",NULL,NULL
44,"Margaret Douglas",45,33
45,"Archibald Douglas, 6th Earl of Angus",NULL,NULL
46,"Lady Jane Grey",47,48
47,"Henry Grey, 1st Duke of Suffolk",NULL,NULL
48,"Lady Frances Brandon",49,34
49,"Mary I of England",2,50
50,"Catherine of Aragon",51,52
51,"Ferdinand II of Aragon",NULL,NULL
52,"Isabella I of Castile",NULL,NULL
