Asheville,1976-01-03,0.2
Asheville,1976-01-07,0.36
Asheville,1976-01-13,0.26
Asheville,1976-01-16,0.1
Asheville,1976-01-17,0.05
Asheville,1976-01-26,2.05
Asheville,1976-01-27,0.49
Asheville,1976-02-01,0.44
Asheville,1976-02-02,0.06
Asheville,1976-02-15,0.01
Asheville,1976-02-18,0.94
Asheville,1976-02-21,0.72
Asheville,1976-02-22,0.03
Asheville,1976-03-05,0.1
Asheville,1976-03-08,0.09
Asheville,1976-03-09,0.76
Asheville,1976-03-12,0.44
Asheville,1976-03-15,0.12
Asheville,1976-03-16,0.18
Asheville,1976-03-20,0.22
Asheville,1976-03-21,0.06
Asheville,1976-03-26,0.1
Asheville,1976-03-27,0.03
Asheville,1976-03-29,0.7
Asheville,1976-03-30,0.4
Asheville,1976-03-31,1.76
Asheville,1976-04-04,0.03
Asheville,1976-04-21,0.05
Asheville,1976-04-29,0.01
Asheville,1976-04-30,0.16
Asheville,1976-05-01,0.39
Asheville,1976-05-06,0.29
Asheville,1976-05-07,0.49
Asheville,1976-05-11,0.25
Asheville,1976-05-13,0.06
Asheville,1976-05-14,0.42
Asheville,1976-05-15,1.58
Asheville,1976-05-16,0.32
Asheville,1976-05-18,0.06
Asheville,1976-05-25,0.05
Asheville,1976-05-28,2.78
Asheville,1976-05-29,1.94
Asheville,1976-05-31,0.04
Asheville,1976-06-01,0.57
Asheville,1976-06-02,0.05
Asheville,1976-06-03,0.03
Asheville,1976-06-08,0.9
Asheville,1976-06-16,0.49
Asheville,1976-06-17,0.34
Asheville,1976-06-19,0.31
Asheville,1976-06-20,1.75
Asheville,1976-06-23,0.14
Asheville,1976-06-25,0.5
Asheville,1976-06-26,0.19
Asheville,1976-06-30,0.24
Asheville,1976-07-03,0.05
Asheville,1976-07-04,0.56
Asheville,1976-07-05,0.04
Asheville,1976-07-09,0.01
Asheville,1976-07-15,1.63
Asheville,1976-07-16,0.09
Asheville,1976-07-29,0.03
Asheville,1976-07-30,0.77
Asheville,1976-08-02,0.8
Asheville,1976-08-03,0.1
Asheville,1976-08-06,0.01
Asheville,1976-08-07,0.66
Asheville,1976-08-15,1.6
Asheville,1976-08-21,0.03
Asheville,1976-08-26,0.31
Asheville,1976-08-27,0.06
Asheville,1976-08-28,0.66
Asheville,1976-09-09,0.06
Asheville,1976-09-10,0.2
Asheville,1976-09-14,1.58
Asheville,1976-09-15,0.42
Asheville,1976-09-20,0.03
Asheville,1976-09-26,0.48
Asheville,1976-09-27,0.23
Asheville,1976-09-29,0.46
Asheville,1976-09-30,0.04
Asheville,1976-10-06,0.44
Asheville,1976-10-07,1.71
Asheville,1976-10-08,0.88
Asheville,1976-10-09,0.76
Asheville,1976-10-16,0.16
Asheville,1976-10-17,0.02
Asheville,1976-10-20,0.26
Asheville,1976-10-24,0.05
Asheville,1976-10-25,0.75
Asheville,1976-10-30,0.56
Asheville,1976-11-11,0.34
Asheville,1976-11-12,0.01
Asheville,1976-11-15,0.05
Asheville,1976-11-22,0.01
Asheville,1976-11-26,0.37
Asheville,1976-11-27,0.01
Asheville,1976-11-28,0.62
Asheville,1976-11-29,0.17
Asheville,1976-12-06,1.77
Asheville,1976-12-07,0.08
Asheville,1976-12-11,0.16
Asheville,1976-12-12,0.26
Asheville,1976-12-15,1.17
Asheville,1976-12-20,0.13
Asheville,1976-12-25,0.26
Asheville,1976-12-29,0.01
Asheville,1976-12-30,0.07
Asheville,1976-12-31,0.14
Wilmington,1976-01-03,0.01
Wilmington,1976-01-04,0.11
Wilmington,1976-01-07,0.07
Wilmington,1976-01-08,0.16
Wilmington,1976-01-11,0.01
Wilmington,1976-01-16,0.05
Wilmington,1976-01-17,0.39
Wilmington,1976-01-21,0.04
Wilmington,1976-01-25,0.02
Wilmington,1976-01-26,0.68
Wilmington,1976-01-27,1.39
Wilmington,1976-02-01,0.39
Wilmington,1976-02-06,0.13
Wilmington,1976-02-18,0.03
Wilmington,1976-02-19,0.09
Wilmington,1976-02-22,0.37
Wilmington,1976-03-06,0.04
Wilmington,1976-03-09,0.89
Wilmington,1976-03-12,0.29
Wilmington,1976-03-13,0.21
Wilmington,1976-03-15,0.04
Wilmington,1976-03-16,1.06
Wilmington,1976-03-30,0.04
Wilmington,1976-04-01,0.1
Wilmington,1976-04-22,0.8
Wilmington,1976-04-25,0.01
Wilmington,1976-05-01,0.66
Wilmington,1976-05-07,0.27
Wilmington,1976-05-08,0.28
Wilmington,1976-05-11,0.16
Wilmington,1976-05-15,0.57
Wilmington,1976-05-16,0.29
Wilmington,1976-05-18,0.42
Wilmington,1976-05-23,0.05
Wilmington,1976-05-24,0.9
Wilmington,1976-05-29,0.73
Wilmington,1976-06-02,0.05
Wilmington,1976-06-03,2.28
Wilmington,1976-06-04,0.15
Wilmington,1976-06-15,0.08
Wilmington,1976-06-20,0.83
Wilmington,1976-06-21,0.83
Wilmington,1976-06-22,1.51
Wilmington,1976-06-23,1.95
Wilmington,1976-06-24,0.02
Wilmington,1976-06-26,0.28
Wilmington,1976-06-27,4.76
Wilmington,1976-07-01,0.07
Wilmington,1976-07-04,2.33
Wilmington,1976-07-05,0.46
Wilmington,1976-07-06,0.21
Wilmington,1976-07-07,1.05
Wilmington,1976-07-10,1.14
Wilmington,1976-07-19,1.03
Wilmington,1976-07-22,0.71
Wilmington,1976-07-23,0.08
Wilmington,1976-07-25,0.17
Wilmington,1976-07-28,0.02
Wilmington,1976-07-31,1.01
Wilmington,1976-08-01,0.06
Wilmington,1976-08-02,0.37
Wilmington,1976-08-03,0.68
Wilmington,1976-08-08,0.95
Wilmington,1976-08-09,0.02
Wilmington,1976-08-13,0.33
Wilmington,1976-08-16,2.41
Wilmington,1976-08-17,0.03
Wilmington,1976-08-20,4.28
Wilmington,1976-08-21,0.27
Wilmington,1976-08-22,0.13
Wilmington,1976-09-02,1.59
Wilmington,1976-09-10,1.84
Wilmington,1976-09-14,0.24
Wilmington,1976-09-15,0.58
Wilmington,1976-09-20,0.21
Wilmington,1976-09-21,0.02
Wilmington,1976-09-22,0.02
Wilmington,1976-09-28,0.28
Wilmington,1976-09-29,0.01
Wilmington,1976-10-02,0.01
Wilmington,1976-10-09,0.47
Wilmington,1976-10-17,1.13
Wilmington,1976-10-20,1.29
Wilmington,1976-10-25,0.17
Wilmington,1976-10-26,0.08
Wilmington,1976-10-31,0.16
Wilmington,1976-11-12,0.01
Wilmington,1976-11-14,0.44
Wilmington,1976-11-15,0.48
Wilmington,1976-11-17,0.1
Wilmington,1976-11-20,0.04
Wilmington,1976-11-21,0.05
Wilmington,1976-11-26,0.42
Wilmington,1976-11-27,0.02
Wilmington,1976-11-28,0.5
Wilmington,1976-11-29,0.08
Wilmington,1976-12-06,0.02
Wilmington,1976-12-07,1.29
Wilmington,1976-12-08,0.13
Wilmington,1976-12-11,0.35
Wilmington,1976-12-12,1.1
Wilmington,1976-12-13,0.17
Wilmington,1976-12-15,0.69
Wilmington,1976-12-16,0.03
Wilmington,1976-12-20,0.11
Wilmington,1976-12-25,0.41
Wilmington,1976-12-26,1.04
Wilmington,1976-12-28,0.03
Raleigh,1976-01-03,0.09
Raleigh,1976-01-07,0.47
Raleigh,1976-01-08,0.1
Raleigh,1976-01-11,0.04
Raleigh,1976-01-14,0.12
Raleigh,1976-01-16,0.01
Raleigh,1976-01-17,0.1
Raleigh,1976-01-26,1.11
Raleigh,1976-01-27,1.03
Raleigh,1976-02-01,1.1
Raleigh,1976-02-02,0.07
Raleigh,1976-02-06,0.03
Raleigh,1976-02-14,0.01
Raleigh,1976-02-18,0.02
Raleigh,1976-02-22,0.31
Raleigh,1976-03-06,0.02
Raleigh,1976-03-09,0.84
Raleigh,1976-03-12,0.19
Raleigh,1976-03-13,0.06
Raleigh,1976-03-15,0.02
Raleigh,1976-03-16,1.02
Raleigh,1976-03-25,0.08
Raleigh,1976-03-27,0.07
Raleigh,1976-03-30,0.65
Raleigh,1976-03-31,0.22
Raleigh,1976-04-01,0.16
Raleigh,1976-04-30,0.07
Raleigh,1976-05-01,0.68
Raleigh,1976-05-03,0.01
Raleigh,1976-05-07,0.1
Raleigh,1976-05-08,0.14
Raleigh,1976-05-14,0.6
Raleigh,1976-05-15,0.98
Raleigh,1976-05-16,0.42
Raleigh,1976-05-17,0.01
Raleigh,1976-05-18,0.59
Raleigh,1976-05-26,0.01
Raleigh,1976-05-29,1.2
Raleigh,1976-06-02,0.31
Raleigh,1976-06-03,0.68
Raleigh,1976-06-04,0.07
Raleigh,1976-06-16,0.05
Raleigh,1976-06-17,0.61
Raleigh,1976-06-19,0.01
Raleigh,1976-06-20,0.41
Raleigh,1976-06-21,0.08
Raleigh,1976-06-22,0.16
Raleigh,1976-06-26,0.07
Raleigh,1976-06-27,0.08
Raleigh,1976-06-30,0.02
Raleigh,1976-07-03,0.23
Raleigh,1976-07-04,0.15
Raleigh,1976-07-06,0.08
Raleigh,1976-07-07,0.07
Raleigh,1976-07-28,0.02
Raleigh,1976-07-30,0.44
Raleigh,1976-07-31,0.01
Raleigh,1976-08-02,0.23
Raleigh,1976-08-08,0.18
Raleigh,1976-08-14,0.06
Raleigh,1976-08-15,0.54
Raleigh,1976-08-21,0.5
Raleigh,1976-08-28,0.01
Raleigh,1976-09-02,0.64
Raleigh,1976-09-10,2.75
Raleigh,1976-09-15,1.87
Raleigh,1976-09-16,0.16
Raleigh,1976-09-26,0.35
Raleigh,1976-09-29,0.01
Raleigh,1976-09-30,0.21
Raleigh,1976-10-02,0.09
Raleigh,1976-10-08,0.07
Raleigh,1976-10-09,1.18
Raleigh,1976-10-17,0.3
Raleigh,1976-10-19,0.01
Raleigh,1976-10-20,1.66
Raleigh,1976-10-25,0.42
Raleigh,1976-10-26,0.05
Raleigh,1976-10-30,0.12
Raleigh,1976-10-31,0.07
Raleigh,1976-11-12,0.17
Raleigh,1976-11-14,0.13
Raleigh,1976-11-15,0.69
Raleigh,1976-11-26,0.01
Raleigh,1976-11-27,0.01
Raleigh,1976-11-28,0.74
Raleigh,1976-11-29,0.14
Raleigh,1976-12-06,0.09
Raleigh,1976-12-07,1.06
Raleigh,1976-12-08,0.38
Raleigh,1976-12-11,0.85
Raleigh,1976-12-12,0.45
Raleigh,1976-12-15,0.37
Raleigh,1976-12-16,0.06
Raleigh,1976-12-20,0.31
Raleigh,1976-12-25,0.24
Raleigh,1976-12-26,0.19
Raleigh,1976-12-31,0.04
